/aabdeen	/mentors/aabdeen	301
/aadityabasnyat	/mentors/aadityabasnyat	301
/aagarwal	/mentors/aagarwal	301
/aaraghi	/mentors/aaraghi	301
/aaron-davis	/mentors/aaron-davis	301
/aashishmanchanda	/mentors/aashishmanchanda	301
/aaugustin	/mentors/aaugustin	301
/abandoni	/mentors/abandoni	301
/abenjamin	/mentors/abenjamin	301
/abhappy	/mentors/abhappy	301
/abhimanyukumar	/mentors/abhimanyukumar	301
/abhinavg	/mentors/abhinavg	301
/abhishekmukherjee	/mentors/abhishekmukherjee	301
/acaliandro	/mentors/acaliandro	301
/accb4b1a-85dd-48e6-a3c5-75b6369629cb	/mentors/accb4b1a-85dd-48e6-a3c5-75b6369629cb	301
/acfrank	/mentors/acfrank	301
/acketon	/mentors/acketon	301
/adamp	/mentors/adamp	301
/adamrasheed	/mentors/adamrasheed	301
/adelee	/mentors/adelee	301
/adem	/mentors/adem	301
/adityasharma	/mentors/adityasharma	301
/adonis	/mentors/adonis	301
/adrianbabb	/mentors/adrianbabb	301
/afazal	/mentors/afazal	301
/afryckowski	/mentors/afryckowski	301
/agarwalmukul	/mentors/agarwalmukul	301
/ahadj	/mentors/ahadj	301
/ahmedt94@yahoo.com	/mentors/ahmedt94@yahoo.com	301
/ahussain	/mentors/ahussain	301
/ajay-jadhav	/mentors/ajay-jadhav	301
/ajones	/mentors/ajones	301
/akedem	/mentors/akedem	301
/akingn	/mentors/akingn	301
/akirkwood	/mentors/akirkwood	301
/akshattak	/mentors/akshattak	301
/akshaymallick	/mentors/akshaymallick	301
/alanho	/mentors/alanho	301
/alanhurt	/mentors/alanhurt	301
/alantippins	/mentors/alantippins	301
/aldaayushman	/mentors/aldaayushman	301
/aldricht	/mentors/aldricht	301
/alebarvik	/mentors/alebarvik	301
/alecurci	/mentors/alecurci	301
/alessandrabosi	/mentors/alessandrabosi	301
/alessandro	/mentors/alessandro	301
/alessandroribe	/mentors/alessandroribe	301
/alessiocardelli	/mentors/alessiocardelli	301
/alexandraschorndorf	/mentors/alexandraschorndorf	301
/alexdb	/mentors/alexdb	301
/alexisgerome	/mentors/alexisgerome	301
/alhuwwari	/mentors/alhuwwari	301
/aliaslam	/mentors/aliaslam	301
/alicewbarton	/mentors/alicewbarton	301
/aliptaballav	/mentors/aliptaballav	301
/alizahe	/mentors/alizahe	301
/allafitzgerald	/mentors/allafitzgerald	301
/allanmelo	/mentors/allanmelo	301
/allisonmarie	/mentors/allisonmarie	301
/alpturgut	/mentors/alpturgut	301
/alyassini	/mentors/alyassini	301
/alyssa	/mentors/alyssa	301
/amandacorbo	/mentors/amandacorbo	301
/amber-bockel	/mentors/amber-bockel	301
/ameliebeurrier	/mentors/ameliebeurrier	301
/amistry	/mentors/amistry	301
/amitbassi	/mentors/amitbassi	301
/amitjainis	/mentors/amitjainis	301
/amitmojuder	/mentors/amitmojuder	301
/amittal	/mentors/amittal	301
/ampitanade	/mentors/ampitanade	301
/amrinder	/mentors/amrinder	301
/amy-demas	/mentors/amy-demas	301
/amyabito	/mentors/amyabito	301
/amymarquez	/mentors/amymarquez	301
/anamanrique	/mentors/anamanrique	301
/anamonba	/mentors/anamonba	301
/anastaciagrig	/mentors/anastaciagrig	301
/andibeka	/mentors/andibeka	301
/andikanbassey	/mentors/andikanbassey	301
/andreapicchi	/mentors/andreapicchi	301
/andrewwitt	/mentors/andrewwitt	301
/andylobban	/mentors/andylobban	301
/andystonehouse	/mentors/andystonehouse	301
/angeladon25	/mentors/angeladon25	301
/angelawong	/mentors/angelawong	301
/angelcolberg	/mentors/angelcolberg	301
/anilg	/mentors/anilg	301
/anina	/mentors/anina	301
/anitaby	/mentors/anitaby	301
/anitahoffman	/mentors/anitahoffman	301
/anku	/mentors/anku	301
/ankush	/mentors/ankush	301
/annalisavalente	/mentors/annalisavalente	301
/annchensf	/mentors/annchensf	301
/annelienehay	/mentors/annelienehay	301
/anrick	/mentors/anrick	301
/ansariparvez	/mentors/ansariparvez	301
/anshul	/mentors/anshul	301
/anthonywiktor	/mentors/anthonywiktor	301
/antoniokendrick	/mentors/antoniokendrick	301
/anuphilipp	/mentors/anuphilipp	301
/anusha	/mentors/anusha	301
/anuuradhasharma	/mentors/anuuradhasharma	301
/aoifeodwyer	/mentors/aoifeodwyer	301
/apanichi	/mentors/apanichi	301
/apatel	/mentors/apatel	301
/apower	/mentors/apower	301
/aprajitkar	/mentors/aprajitkar	301
/aranade	/mentors/aranade	301
/aravind-sharma	/mentors/aravind-sharma	301
/aray	/mentors/aray	301
/ardmir	/mentors/ardmir	301
/arichero	/mentors/arichero	301
/arifsamad	/mentors/arifsamad	301
/arjun-mahajan	/mentors/arjun-mahajan	301
/arjun	/mentors/arjun	301
/armandodsgnr	/mentors/armandodsgnr	301
/arnirjhor	/mentors/arnirjhor	301
/arnoldsaputra	/mentors/arnoldsaputra	301
/arorapiyush	/mentors/arorapiyush	301
/artarefin	/mentors/artarefin	301
/arthurivanov	/mentors/arthurivanov	301
/arun	/mentors/arun	301
/Arun2	/mentors/Arun2	301
/arussell	/mentors/arussell	301
/asagray	/mentors/asagray	301
/asaini	/mentors/asaini	301
/asasorina	/mentors/asasorina	301
/ashadeed	/mentors/ashadeed	301
/asharma	/mentors/asharma	301
/ashimadhikari	/mentors/ashimadhikari	301
/ashiqueukkadan	/mentors/ashiqueukkadan	301
/ashleylehane	/mentors/ashleylehane	301
/ashwest	/mentors/ashwest	301
/ashwini-dixit	/mentors/ashwini-dixit	301
/asinghwal	/mentors/asinghwal	301
/asolanki	/mentors/asolanki	301
/asrivastava	/mentors/asrivastava	301
/aswin	/mentors/aswin	301
/atak	/mentors/atak	301
/atalwar	/mentors/atalwar	301
/atan	/mentors/atan	301
/athulrajt	/mentors/athulrajt	301
/atluxd	/mentors/atluxd	301
/atrokan	/mentors/atrokan	301
/aubrey	/mentors/aubrey	301
/augiepark	/mentors/augiepark	301
/aunindra	/mentors/aunindra	301
/austindee	/mentors/austindee	301
/avi8	/mentors/avi8	301
/avinokurov	/mentors/avinokurov	301
/avishmidt	/mentors/avishmidt	301
/ayfar	/mentors/ayfar	301
/ayodele	/mentors/ayodele	301
/azis	/mentors/azis	301
/b74e46e2-f601-407b-9a60-fc79d5ee7f6e	/mentors/b74e46e2-f601-407b-9a60-fc79d5ee7f6e	301
/balasmurali	/mentors/balasmurali	301
/barrett-white	/mentors/barrett-white	301
/bd95431c-ae79-423a-ba73-860fbf5e2dc4	/mentors/bd95431c-ae79-423a-ba73-860fbf5e2dc4	301
/beard	/mentors/beard	301
/beasty	/mentors/beasty	301
/belfug	/mentors/belfug	301
/belmore	/mentors/belmore	301
/benspear	/mentors/benspear	301
/bethbittman	/mentors/bethbittman	301
/beverhoeven	/mentors/beverhoeven	301
/bgeorge	/mentors/bgeorge	301
/bgohero	/mentors/bgohero	301
/bhaktinair	/mentors/bhaktinair	301
/bhargavi	/mentors/bhargavi	301
/bharidas	/mentors/bharidas	301
/bhukandola	/mentors/bhukandola	301
/bibianaaguero	/mentors/bibianaaguero	301
/billymitchelldesign	/mentors/billymitchelldesign	301
/bilstein	/mentors/bilstein	301
/bingwu	/mentors/bingwu	301
/bipins	/mentors/bipins	301
/bn_rana	/mentors/bn_rana	301
/bnvk	/mentors/bnvk	301
/bomfa	/mentors/bomfa	301
/borax12	/mentors/borax12	301
/boreas13	/mentors/boreas13	301
/bpatriquin	/mentors/bpatriquin	301
/bpweb	/mentors/bpweb	301
/braancreativr	/mentors/braancreativr	301
/bradleyg	/mentors/bradleyg	301
/brady-sammons	/mentors/brady-sammons	301
/brenda	/mentors/brenda	301
/brentlarue	/mentors/brentlarue	301
/briandys	/mentors/briandys	301
/brodd	/mentors/brodd	301
/bsander	/mentors/bsander	301
/btannz	/mentors/btannz	301
/budaloco	/mentors/budaloco	301
/buddychung	/mentors/buddychung	301
/butwhoiskat	/mentors/butwhoiskat	301
/byrneshaun	/mentors/byrneshaun	301
/candor	/mentors/candor	301
/carlamusa	/mentors/carlamusa	301
/caroltod	/mentors/caroltod	301
/caseytelenko	/mentors/caseytelenko	301
/catherinekaheisuen	/mentors/catherinekaheisuen	301
/caylafanelli	/mentors/caylafanelli	301
/cbalamatsias	/mentors/cbalamatsias	301
/ccaligari	/mentors/ccaligari	301
/celinemultiple	/mentors/celinemultiple	301
/cengle	/mentors/cengle	301
/charlesknight	/mentors/charlesknight	301
/charlturner	/mentors/charlturner	301
/chintanpokiya	/mentors/chintanpokiya	301
/chiragthakkar	/mentors/chiragthakkar	301
/chiranjeet	/mentors/chiranjeet	301
/chomer	/mentors/chomer	301
/chris	/mentors/chris	301
/chriscarterux	/mentors/chriscarterux	301
/chrisehlee	/mentors/chrisehlee	301
/chrisenter	/mentors/chrisenter	301
/chrismeredith	/mentors/chrismeredith	301
/christineesoldo	/mentors/christineesoldo	301
/christo	/mentors/christo	301
/christophergrose	/mentors/christophergrose	301
/christophermatar	/mentors/christophermatar	301
/christydunwoodie	/mentors/christydunwoodie	301
/chriszyu	/mentors/chriszyu	301
/cindymyung	/mentors/cindymyung	301
/clausole	/mentors/clausole	301
/claypruzinsky	/mentors/claypruzinsky	301
/clindnerkanaan	/mentors/clindnerkanaan	301
/clison	/mentors/clison	301
/clorman	/mentors/clorman	301
/cmehmet	/mentors/cmehmet	301
/cmichon	/mentors/cmichon	301
/CoachCami	/mentors/CoachCami	301
/coelholucas	/mentors/coelholucas	301
/colilouisa	/mentors/colilouisa	301
/colindpritchard	/mentors/colindpritchard	301
/colleentan	/mentors/colleentan	301
/colmtuite	/mentors/colmtuite	301
/conceptualthinking	/mentors/conceptualthinking	301
/Craig Cailler	/mentors/Craig Cailler	301
/creative-juni	/mentors/creative-juni	301
/creativenate	/mentors/creativenate	301
/creativescott	/mentors/creativescott	301
/csoontornprapee	/mentors/csoontornprapee	301
/d0c203b5-4ea1-4bc6-9127-617233aca7bc	/mentors/d0c203b5-4ea1-4bc6-9127-617233aca7bc	301
/daengdoang	/mentors/daengdoang	301
/dallanisom	/mentors/dallanisom	301
/dalpattapaniya	/mentors/dalpattapaniya	301
/damstein	/mentors/damstein	301
/daniandor	/mentors/daniandor	301
/danieljschwartz	/mentors/danieljschwartz	301
/danielmartinmorales	/mentors/danielmartinmorales	301
/danikennedy	/mentors/danikennedy	301
/daniloparise	/mentors/daniloparise	301
/dannykeane	/mentors/dannykeane	301
/dannyseals	/mentors/dannyseals	301
/danoliveira	/mentors/danoliveira	301
/danthony	/mentors/danthony	301
/dariak	/mentors/dariak	301
/darshilv	/mentors/darshilv	301
/daurora	/mentors/daurora	301
/david-gross	/mentors/david-gross	301
/davidhobbs	/mentors/davidhobbs	301
/davidkeiser	/mentors/davidkeiser	301
/davidrkendall	/mentors/davidrkendall	301
/daymonbola	/mentors/daymonbola	301
/dbowen	/mentors/dbowen	301
/dcrobot	/mentors/dcrobot	301
/dcruzgeorge	/mentors/dcruzgeorge	301
/ddelaney	/mentors/ddelaney	301
/debaratirakshit	/mentors/debaratirakshit	301
/debneaves	/mentors/debneaves	301
/deniseparrish	/mentors/deniseparrish	301
/denizerdal	/mentors/denizerdal	301
/derej	/mentors/derej	301
/designsingh	/mentors/designsingh	301
/dexterwang	/mentors/dexterwang	301
/dfosco	/mentors/dfosco	301
/dfrancis	/mentors/dfrancis	301
/dguerra	/mentors/dguerra	301
/dgul	/mentors/dgul	301
/dhan	/mentors/dhan	301
/dherman	/mentors/dherman	301
/dhilan	/mentors/dhilan	301
/dhoogland	/mentors/dhoogland	301
/dianasimakhov	/mentors/dianasimakhov	301
/dianeseaver	/mentors/dianeseaver	301
/digitalnomad.in	/mentors/digitalnomad.in	301
/disco_lu	/mentors/disco_lu	301
/dismailov	/mentors/dismailov	301
/divya	/mentors/divya	301
/djanule	/mentors/djanule	301
/djgarg	/mentors/djgarg	301
/dkeshani	/mentors/dkeshani	301
/dnarang	/mentors/dnarang	301
/dnatarajan	/mentors/dnatarajan	301
/dnayar	/mentors/dnayar	301
/dnobel	/mentors/dnobel	301
/dnydshin	/mentors/dnydshin	301
/dnystwn	/mentors/dnystwn	301
/dobrian4ik	/mentors/dobrian4ik	301
/dolivo	/mentors/dolivo	301
/dompedruco	/mentors/dompedruco	301
/donska	/mentors/donska	301
/dorian	/mentors/dorian	301
/dormi	/mentors/dormi	301
/dorothykim	/mentors/dorothykim	301
/dpaola	/mentors/dpaola	301
/dpolevoy	/mentors/dpolevoy	301
/dram	/mentors/dram	301
/dreuven	/mentors/dreuven	301
/drew	/mentors/drew	301
/drewbkoch	/mentors/drewbkoch	301
/drewlepp	/mentors/drewlepp	301
/dschap	/mentors/dschap	301
/dsimpson2	/mentors/dsimpson2	301
/dtheroux	/mentors/dtheroux	301
/dudutorres	/mentors/dudutorres	301
/dvalerio	/mentors/dvalerio	301
/dvaughan	/mentors/dvaughan	301
/dylandiomede	/mentors/dylandiomede	301
/dziadus	/mentors/dziadus	301
/e99a423c-6d65-4cae-8fa4-3ba0fbc95fbc	/mentors/e99a423c-6d65-4cae-8fa4-3ba0fbc95fbc	301
/earlf	/mentors/earlf	301
/ebaq	/mentors/ebaq	301
/ed-mangum	/mentors/ed-mangum	301
/eddiejames	/mentors/eddiejames	301
/edobene	/mentors/edobene	301
/eekpenyong	/mentors/eekpenyong	301
/efileno	/mentors/efileno	301
/egarza	/mentors/egarza	301
/ehabbandar	/mentors/ehabbandar	301
/ekmel	/mentors/ekmel	301
/elee	/mentors/elee	301
/elmook	/mentors/elmook	301
/emikleiner	/mentors/emikleiner	301
/emilsj	/mentors/emilsj	301
/enes	/mentors/enes	301
/engelanima	/mentors/engelanima	301
/enrico	/mentors/enrico	301
/eolver	/mentors/eolver	301
/ericalli	/mentors/ericalli	301
/erikau	/mentors/erikau	301
/erikbettencourt	/mentors/erikbettencourt	301
/erikbullen	/mentors/erikbullen	301
/eriola-kapaj	/mentors/eriola-kapaj	301
/esthernamhy	/mentors/esthernamhy	301
/esvetozarova	/mentors/esvetozarova	301
/eugeneebere	/mentors/eugeneebere	301
/evangoncalo	/mentors/evangoncalo	301
/evrenholland	/mentors/evrenholland	301
/Ezzat	/mentors/Ezzat	301
/f86e3bdb-ac2f-4027-99bc-d341af4b52a8	/mentors/f86e3bdb-ac2f-4027-99bc-d341af4b52a8	301
/fabio	/mentors/fabio	301
/fapokab955	/mentors/fapokab955	301
/fatasuir9	/mentors/fatasuir9	301
/fatima-kamali	/mentors/fatima-kamali	301
/fcoquillat	/mentors/fcoquillat	301
/fe16b8a8-e298-4e36-8003-17a22560ac6a	/mentors/fe16b8a8-e298-4e36-8003-17a22560ac6a	301
/febfeb	/mentors/febfeb	301
/feliperuiz	/mentors/feliperuiz	301
/felippedepin	/mentors/felippedepin	301
/felixtimotei	/mentors/felixtimotei	301
/fffabs	/mentors/fffabs	301
/fgalvez	/mentors/fgalvez	301
/flasa	/mentors/flasa	301
/flaviobezerra	/mentors/flaviobezerra	301
/flinbu	/mentors/flinbu	301
/flockti	/mentors/flockti	301
/fluit	/mentors/fluit	301
/fmatei	/mentors/fmatei	301
/fraserlouden	/mentors/fraserlouden	301
/fredaudet	/mentors/fredaudet	301
/frederick-ludeck	/mentors/frederick-ludeck	301
/frosas	/mentors/frosas	301
/ftingting	/mentors/ftingting	301
/fturch	/mentors/fturch	301
/fulvio	/mentors/fulvio	301
/fzambon	/mentors/fzambon	301
/gabesanchez	/mentors/gabesanchez	301
/gabimachadods	/mentors/gabimachadods	301
/gabms	/mentors/gabms	301
/gabrielleni	/mentors/gabrielleni	301
/galiet	/mentors/galiet	301
/ganticdotco	/mentors/ganticdotco	301
/gapurva	/mentors/gapurva	301
/garimakaushik	/mentors/garimakaushik	301
/garycribb	/mentors/garycribb	301
/garylim	/mentors/garylim	301
/gavinfremedios	/mentors/gavinfremedios	301
/gawnubai	/mentors/gawnubai	301
/gbetts	/mentors/gbetts	301
/genci	/mentors/genci	301
/georgebagaoisan	/mentors/georgebagaoisan	301
/geraldmiller	/mentors/geraldmiller	301
/gerardencabo	/mentors/gerardencabo	301
/gerardgirbes	/mentors/gerardgirbes	301
/geremygood	/mentors/geremygood	301
/getmesnow	/mentors/getmesnow	301
/ghamilton	/mentors/ghamilton	301
/ginfortuna	/mentors/ginfortuna	301
/gioiabrian	/mentors/gioiabrian	301
/girishd	/mentors/girishd	301
/giti	/mentors/giti	301
/giuvicente	/mentors/giuvicente	301
/gizemoncu	/mentors/gizemoncu	301
/gkeeler	/mentors/gkeeler	301
/gkordas	/mentors/gkordas	301
/godfrey-kingsley	/mentors/godfrey-kingsley	301
/goga	/mentors/goga	301
/goncaloandrade	/mentors/goncaloandrade	301
/goodnightjj	/mentors/goodnightjj	301
/gpgv	/mentors/gpgv	301
/gprakash	/mentors/gprakash	301
/gpsivaprakasam	/mentors/gpsivaprakasam	301
/gregniejadlik	/mentors/gregniejadlik	301
/gregory	/mentors/gregory	301
/gsheridan	/mentors/gsheridan	301
/guidoa87	/mentors/guidoa87	301
/gurucharang	/mentors/gurucharang	301
/gustavo-goffredo	/mentors/gustavo-goffredo	301
/guysegal	/mentors/guysegal	301
/hagel	/mentors/hagel	301
/haleyfiege	/mentors/haleyfiege	301
/hamza	/mentors/hamza	301
/hannahlizw	/mentors/hannahlizw	301
/hannahwhite	/mentors/hannahwhite	301
/hansonash	/mentors/hansonash	301
/haritha	/mentors/haritha	301
/harrisonux	/mentors/harrisonux	301
/harrshada	/mentors/harrshada	301
/harshvardhan	/mentors/harshvardhan	301
/harveyeckstein	/mentors/harveyeckstein	301
/henderland	/mentors/henderland	301
/henriquebarrosrego	/mentors/henriquebarrosrego	301
/heybilal	/mentors/heybilal	301
/hfactor	/mentors/hfactor	301
/himanshu	/mentors/himanshu	301
/hiren-gogoi	/mentors/hiren-gogoi	301
/hishamzayadnh	/mentors/hishamzayadnh	301
/hollyreynolds	/mentors/hollyreynolds	301
/hosseinkarimi	/mentors/hosseinkarimi	301
/houshang	/mentors/houshang	301
/hpanda	/mentors/hpanda	301
/hphillips	/mentors/hphillips	301
/hsimha	/mentors/hsimha	301
/hsuthar	/mentors/hsuthar	301
/htietze	/mentors/htietze	301
/hudhuzain	/mentors/hudhuzain	301
/hugobermudez	/mentors/hugobermudez	301
/hupadhyay	/mentors/hupadhyay	301
/hxly	/mentors/hxly	301
/hyahyaei	/mentors/hyahyaei	301
/hyojeonglee	/mentors/hyojeonglee	301
/iamkeeler	/mentors/iamkeeler	301
/ianc	/mentors/ianc	301
/iancox	/mentors/iancox	301
/iankhan	/mentors/iankhan	301
/ibrahimozen	/mentors/ibrahimozen	301
/ichieuche	/mentors/ichieuche	301
/ideasondesign	/mentors/ideasondesign	301
/ifehan	/mentors/ifehan	301
/igcorreia	/mentors/igcorreia	301
/igirard	/mentors/igirard	301
/ignacioparicio	/mentors/ignacioparicio	301
/igorginzburg79	/mentors/igorginzburg79	301
/ilija	/mentors/ilija	301
/ilmb.studio	/mentors/ilmb.studio	301
/ilun	/mentors/ilun	301
/iman	/mentors/iman	301
/ImpendingDoon	/mentors/ImpendingDoon	301
/imvenkatesh	/mentors/imvenkatesh	301
/InteractiveMark	/mentors/InteractiveMark	301
/iordanispassas	/mentors/iordanispassas	301
/ipaget	/mentors/ipaget	301
/ipashko	/mentors/ipashko	301
/isafi	/mentors/isafi	301
/ishaankansal12	/mentors/ishaankansal12	301
/jaakkotammela	/mentors/jaakkotammela	301
/jaci	/mentors/jaci	301
/jackwang	/mentors/jackwang	301
/jacopomarcantonio	/mentors/jacopomarcantonio	301
/jacqrandell	/mentors/jacqrandell	301
/jaffarkhorshidi	/mentors/jaffarkhorshidi	301
/jainjayant	/mentors/jainjayant	301
/jainvardhman	/mentors/jainvardhman	301
/jaketaylor	/mentors/jaketaylor	301
/jakiclark	/mentors/jakiclark	301
/jamal-amanova	/mentors/jamal-amanova	301
/jameshanson	/mentors/jameshanson	301
/jameskelly	/mentors/jameskelly	301
/jamesstar	/mentors/jamesstar	301
/jamieumak	/mentors/jamieumak	301
/jannek	/mentors/jannek	301
/jaredhardwick	/mentors/jaredhardwick	301
/jaredhd	/mentors/jaredhd	301
/jase	/mentors/jase	301
/jasonbowden	/mentors/jasonbowden	301
/jasoncalleiro	/mentors/jasoncalleiro	301
/jasonfriend	/mentors/jasonfriend	301
/jasonkopec	/mentors/jasonkopec	301
/jasonmluna	/mentors/jasonmluna	301
/jasonremen	/mentors/jasonremen	301
/jasonsilver	/mentors/jasonsilver	301
/jasrajsuri	/mentors/jasrajsuri	301
/jaydipsavaliya	/mentors/jaydipsavaliya	301
/jaymemarkus	/mentors/jaymemarkus	301
/jaynesisong	/mentors/jaynesisong	301
/jbrady	/mentors/jbrady	301
/jcarvalho	/mentors/jcarvalho	301
/jchen	/mentors/jchen	301
/jconrad103	/mentors/jconrad103	301
/jdebari	/mentors/jdebari	301
/jdesign	/mentors/jdesign	301
/jdheiden	/mentors/jdheiden	301
/jebbles	/mentors/jebbles	301
/jeddy	/mentors/jeddy	301
/jeffersonalex	/mentors/jeffersonalex	301
/jeffhumble	/mentors/jeffhumble	301
/jelam	/mentors/jelam	301
/jennsager	/mentors/jennsager	301
/jennybounmivilay	/mentors/jennybounmivilay	301
/jennyliu	/mentors/jennyliu	301
/jenrikay	/mentors/jenrikay	301
/jeremywheat	/mentors/jeremywheat	301
/jespervega	/mentors/jespervega	301
/jespnza	/mentors/jespnza	301
/jesschan	/mentors/jesschan	301
/jessica	/mentors/jessica	301
/jessicalopez	/mentors/jessicalopez	301
/jfgrossen	/mentors/jfgrossen	301
/jgartrell	/mentors/jgartrell	301
/jgrigely	/mentors/jgrigely	301
/jimmyball	/mentors/jimmyball	301
/jimmylandaburu	/mentors/jimmylandaburu	301
/jitendramr	/mentors/jitendramr	301
/jkidwell	/mentors/jkidwell	301
/jkruessel	/mentors/jkruessel	301
/jlee	/mentors/jlee	301
/jlmunguia	/mentors/jlmunguia	301
/jlung	/mentors/jlung	301
/jmink	/mentors/jmink	301
/joannelau	/mentors/joannelau	301
/joannewang	/mentors/joannewang	301
/joaotiago	/mentors/joaotiago	301
/joecahill	/mentors/joecahill	301
/joeletchford	/mentors/joeletchford	301
/joelmbarr	/mentors/joelmbarr	301
/joeszabo	/mentors/joeszabo	301
/johnatanuribe	/mentors/johnatanuribe	301
/johnjackson	/mentors/johnjackson	301
/jollysharma	/mentors/jollysharma	301
/jonahmclachlan	/mentors/jonahmclachlan	301
/jonatan-hernandez	/mentors/jonatan-hernandez	301
/jonathanbrink	/mentors/jonathanbrink	301
/jonathansteinberg	/mentors/jonathansteinberg	301
/jonathanyap	/mentors/jonathanyap	301
/jonchin	/mentors/jonchin	301
/jonnielee	/mentors/jonnielee	301
/jonwebco	/mentors/jonwebco	301
/jorgemoreno	/mentors/jorgemoreno	301
/josborne	/mentors/josborne	301
/josephlouistan	/mentors/josephlouistan	301
/josh	/mentors/josh	301
/joshuahynes	/mentors/joshuahynes	301
/josuedesigns	/mentors/josuedesigns	301
/jotochetto	/mentors/jotochetto	301
/jpayne	/mentors/jpayne	301
/jplummer	/mentors/jplummer	301
/jrao	/mentors/jrao	301
/jsemler	/mentors/jsemler	301
/jsmith2	/mentors/jsmith2	301
/jsteiner	/mentors/jsteiner	301
/jtkfrancisco	/mentors/jtkfrancisco	301
/jtoepel	/mentors/jtoepel	301
/jtorre	/mentors/jtorre	301
/juantejeda	/mentors/juantejeda	301
/judyreiter	/mentors/judyreiter	301
/judywert	/mentors/judywert	301
/julietait	/mentors/julietait	301
/jungjungpei	/mentors/jungjungpei	301
/justbeingfrank	/mentors/justbeingfrank	301
/jvcqueline	/mentors/jvcqueline	301
/jwase	/mentors/jwase	301
/jwitkowski	/mentors/jwitkowski	301
/jwreynolds	/mentors/jwreynolds	301
/jylu	/mentors/jylu	301
/jzarate	/mentors/jzarate	301
/kagisomotidi	/mentors/kagisomotidi	301
/kaleb-loosbrock	/mentors/kaleb-loosbrock	301
/kalougina	/mentors/kalougina	301
/kamaksh	/mentors/kamaksh	301
/kamalkannan	/mentors/kamalkannan	301
/kapela	/mentors/kapela	301
/karabongoatle	/mentors/karabongoatle	301
/karimifar	/mentors/karimifar	301
/karlranday	/mentors/karlranday	301
/kartikmahant	/mentors/kartikmahant	301
/karuppuorilli	/mentors/karuppuorilli	301
/kaseyrandall	/mentors/kaseyrandall	301
/katarinaloughlin	/mentors/katarinaloughlin	301
/Kate	/mentors/Kate	301
/katesaladzaz	/mentors/katesaladzaz	301
/katherinebyam	/mentors/katherinebyam	301
/kathrynmckinnon	/mentors/kathrynmckinnon	301
/kaushikdave	/mentors/kaushikdave	301
/kaylarakower	/mentors/kaylarakower	301
/kbeavers	/mentors/kbeavers	301
/kbrumbley	/mentors/kbrumbley	301
/kcbanks	/mentors/kcbanks	301
/kchen	/mentors/kchen	301
/keih	/mentors/keih	301
/kellie-rogers	/mentors/kellie-rogers	301
/kellijohannessen	/mentors/kellijohannessen	301
/kellyhowe	/mentors/kellyhowe	301
/kemaldemirpolat	/mentors/kemaldemirpolat	301
/kennykutney	/mentors/kennykutney	301
/keser	/mentors/keser	301
/kevinboezennec	/mentors/kevinboezennec	301
/kevinwirth	/mentors/kevinwirth	301
/kflores	/mentors/kflores	301
/kgupta	/mentors/kgupta	301
/kheigert	/mentors/kheigert	301
/khoi	/mentors/khoi	301
/khyal	/mentors/khyal	301
/kiarash	/mentors/kiarash	301
/kirtiahlawat	/mentors/kirtiahlawat	301
/kishan-kanani	/mentors/kishan-kanani	301
/kishorekhaware	/mentors/kishorekhaware	301
/kismetk	/mentors/kismetk	301
/kiziarezi	/mentors/kiziarezi	301
/kjaworowski	/mentors/kjaworowski	301
/kkarim	/mentors/kkarim	301
/kkruschel	/mentors/kkruschel	301
/kmacharla	/mentors/kmacharla	301
/kmolinelli	/mentors/kmolinelli	301
/kmseverin	/mentors/kmseverin	301
/kneecoal	/mentors/kneecoal	301
/knobro	/mentors/knobro	301
/kojieumesmo	/mentors/kojieumesmo	301
/kolonoskiek	/mentors/kolonoskiek	301
/kradal4294	/mentors/kradal4294	301
/kremsen	/mentors/kremsen	301
/krishnaviraj	/mentors/krishnaviraj	301
/krisroberts	/mentors/krisroberts	301
/KristinaParrill	/mentors/KristinaParrill	301
/kristynamarkova	/mentors/kristynamarkova	301
/krunalodedra	/mentors/krunalodedra	301
/ksangar	/mentors/ksangar	301
/ksheeraja	/mentors/ksheeraja	301
/ksistla	/mentors/ksistla	301
/kstevens	/mentors/kstevens	301
/kstruh	/mentors/kstruh	301
/ksynoradzki	/mentors/ksynoradzki	301
/kubamaster	/mentors/kubamaster	301
/kumareshcbe	/mentors/kumareshcbe	301
/kunalsharma	/mentors/kunalsharma	301
/kweston	/mentors/kweston	301
/labreu	/mentors/labreu	301
/larisa	/mentors/larisa	301
/lauracortescreative	/mentors/lauracortescreative	301
/laurakrimberg	/mentors/laurakrimberg	301
/lavinautamani	/mentors/lavinautamani	301
/lbradshaw	/mentors/lbradshaw	301
/lcpi314	/mentors/lcpi314	301
/ldasilva	/mentors/ldasilva	301
/leah	/mentors/leah	301
/leito	/mentors/leito	301
/leoantonoff	/mentors/leoantonoff	301
/leocaetano	/mentors/leocaetano	301
/leolion	/mentors/leolion	301
/leonardoferreira	/mentors/leonardoferreira	301
/leonardomattei	/mentors/leonardomattei	301
/leonbarnard	/mentors/leonbarnard	301
/leszekchodorowski	/mentors/leszekchodorowski	301
/leticiacserrano	/mentors/leticiacserrano	301
/lettymolina	/mentors/lettymolina	301
/levasseur	/mentors/levasseur	301
/leylanovini	/mentors/leylanovini	301
/liek	/mentors/liek	301
/lijojoseph	/mentors/lijojoseph	301
/linabanina	/mentors/linabanina	301
/lisabscala	/mentors/lisabscala	301
/lisamaione	/mentors/lisamaione	301
/litalse	/mentors/litalse	301
/liviachauar	/mentors/liviachauar	301
/lizfeder	/mentors/lizfeder	301
/lkawahigashi	/mentors/lkawahigashi	301
/lllllll	/mentors/lllllll	301
/lmosele	/mentors/lmosele	301
/locomint	/mentors/locomint	301
/loganevasco	/mentors/loganevasco	301
/loganwilliams	/mentors/loganwilliams	301
/lohil	/mentors/lohil	301
/lonasmoore	/mentors/lonasmoore	301
/long-pham	/mentors/long-pham	301
/longoluca	/mentors/longoluca	301
/lopkin	/mentors/lopkin	301
/lorrainerandell	/mentors/lorrainerandell	301
/loususi	/mentors/loususi	301
/lucaorio	/mentors/lucaorio	301
/lucaslctoledo	/mentors/lucaslctoledo	301
/luiscolinm	/mentors/luiscolinm	301
/luisf.balaguer	/mentors/luisf.balaguer	301
/lukas-sab	/mentors/lukas-sab	301
/lukasz	/mentors/lukasz	301
/lukejones	/mentors/lukejones	301
/lunachen	/mentors/lunachen	301
/lwaldal	/mentors/lwaldal	301
/lykc	/mentors/lykc	301
/mackenziewyatt	/mentors/mackenziewyatt	301
/madam	/mentors/madam	301
/madhurajanna	/mentors/madhurajanna	301
/madhurikolhatkar	/mentors/madhurikolhatkar	301
/mahajanruchi	/mentors/mahajanruchi	301
/mahkameh	/mentors/mahkameh	301
/maisjandesign	/mentors/maisjandesign	301
/majdakrouk	/mentors/majdakrouk	301
/majomoravcik	/mentors/majomoravcik	301
/malemenendez	/mentors/malemenendez	301
/manciniandrea	/mentors/manciniandrea	301
/manojprid	/mentors/manojprid	301
/manuelcramer	/mentors/manuelcramer	301
/manueldahm	/mentors/manueldahm	301
/mariadelavega	/mentors/mariadelavega	301
/mariah	/mentors/mariah	301
/mariapereda	/mentors/mariapereda	301
/mariusz	/mentors/mariusz	301
/markhothi	/mentors/markhothi	301
/markiris	/mentors/markiris	301
/markswaine	/mentors/markswaine	301
/martinslocs	/mentors/martinslocs	301
/maryrockwell	/mentors/maryrockwell	301
/marysizer	/mentors/marysizer	301
/mattantwest	/mentors/mattantwest	301
/mattgrunwald	/mentors/mattgrunwald	301
/matthewvella	/mentors/matthewvella	301
/matthias	/mentors/matthias	301
/maurivan	/mentors/maurivan	301
/mbahrami	/mentors/mbahrami	301
/mbelal	/mentors/mbelal	301
/mbose	/mentors/mbose	301
/mcguiremade	/mentors/mcguiremade	301
/mdanilovic	/mentors/mdanilovic	301
/mdraeger	/mentors/mdraeger	301
/meeshlin	/mentors/meeshlin	301
/meghanelogan	/mentors/meghanelogan	301
/meghankelley	/mentors/meghankelley	301
/meheksharma	/mentors/meheksharma	301
/meirfankhan	/mentors/meirfankhan	301
/melvindidit	/mentors/melvindidit	301
/melvinthambi	/mentors/melvinthambi	301
/mennocramer	/mentors/mennocramer	301
/merrilyng	/mentors/merrilyng	301
/mhaidarhanif	/mentors/mhaidarhanif	301
/mhartman	/mentors/mhartman	301
/mhsenkow	/mentors/mhsenkow	301
/michael-calin	/mentors/michael-calin	301
/michaelbakkes	/mentors/michaelbakkes	301
/michaeldedrick	/mentors/michaeldedrick	301
/michaelo	/mentors/michaelo	301
/michalhicks	/mentors/michalhicks	301
/midhunlaltrcolombo	/mentors/midhunlaltrcolombo	301
/miguelead	/mentors/miguelead	301
/miguelmakes	/mentors/miguelmakes	301
/mika	/mentors/mika	301
/mikang	/mentors/mikang	301
/mikecaskey	/mentors/mikecaskey	301
/mikedumaine	/mentors/mikedumaine	301
/miklopatin	/mentors/miklopatin	301
/milka	/mentors/milka	301
/milublau	/mentors/milublau	301
/mim_210	/mentors/mim_210	301
/mirangrujic	/mentors/mirangrujic	301
/mismail	/mentors/mismail	301
/missjaymemarkus	/mentors/missjaymemarkus	301
/mjwalsh	/mentors/mjwalsh	301
/mkim	/mentors/mkim	301
/mkolodziej	/mentors/mkolodziej	301
/mlai	/mentors/mlai	301
/mobilegaming	/mentors/mobilegaming	301
/mollymcclurg	/mentors/mollymcclurg	301
/moluguphani	/mentors/moluguphani	301
/monahakky	/mentors/monahakky	301
/moniquerenee	/mentors/moniquerenee	301
/mowinther	/mentors/mowinther	301
/mpatwardhan	/mentors/mpatwardhan	301
/mrderrickheng	/mentors/mrderrickheng	301
/mrich	/mentors/mrich	301
/mrinalkumarsharma	/mentors/mrinalkumarsharma	301
/mschaff	/mentors/mschaff	301
/mschindler	/mentors/mschindler	301
/msilva	/mentors/msilva	301
/mstuenkel	/mentors/mstuenkel	301
/mulloy	/mentors/mulloy	301
/mumair	/mentors/mumair	301
/munkeeto	/mentors/munkeeto	301
/musavvir	/mentors/musavvir	301
/mwiard	/mentors/mwiard	301
/mxiong	/mentors/mxiong	301
/mylk	/mentors/mylk	301
/nadwitya	/mentors/nadwitya	301
/nandini	/mentors/nandini	301
/nandinisuthar	/mentors/nandinisuthar	301
/natalierl	/mentors/natalierl	301
/natan	/mentors/natan	301
/nathalymoyano	/mentors/nathalymoyano	301
/nazimiqbal	/mentors/nazimiqbal	301
/ncuda	/mentors/ncuda	301
/ndeswal	/mentors/ndeswal	301
/neeraj	/mentors/neeraj	301
/nehajattu	/mentors/nehajattu	301
/nehaparekh	/mentors/nehaparekh	301
/nehasaraswat	/mentors/nehasaraswat	301
/neilio	/mentors/neilio	301
/neiljkrishnan@gmail.com	/mentors/neiljkrishnan@gmail.com	301
/nelli	/mentors/nelli	301
/nelson	/mentors/nelson	301
/ngulati	/mentors/ngulati	301
/nhoh	/mentors/nhoh	301
/niamh-harman	/mentors/niamh-harman	301
/nickography	/mentors/nickography	301
/nicksloggett	/mentors/nicksloggett	301
/niide	/mentors/niide	301
/nikunjladani	/mentors/nikunjladani	301
/niravbond	/mentors/niravbond	301
/nishant	/mentors/nishant	301
/nishantbali	/mentors/nishantbali	301
/nithinprakashmotupalli	/mentors/nithinprakashmotupalli	301
/Nithya Radhakrishnan	/mentors/Nithya Radhakrishnan	301
/nitin	/mentors/nitin	301
/nixdesign	/mentors/nixdesign	301
/niyanth	/mentors/niyanth	301
/nkoelmeyer	/mentors/nkoelmeyer	301
/nkumar	/mentors/nkumar	301
/nmaya	/mentors/nmaya	301
/nnamdiawili2	/mentors/nnamdiawili2	301
/nness	/mentors/nness	301
/noelmoss	/mentors/noelmoss	301
/npdistefano	/mentors/npdistefano	301
/nsmcvey	/mentors/nsmcvey	301
/ntran	/mentors/ntran	301
/nunomps	/mentors/nunomps	301
/nunosans	/mentors/nunosans	301
/nvanderwildt	/mentors/nvanderwildt	301
/nvarma	/mentors/nvarma	301
/obolus	/mentors/obolus	301
/oko	/mentors/oko	301
/okuru	/mentors/okuru	301
/olardy	/mentors/olardy	301
/olegkukharuk	/mentors/olegkukharuk	301
/olivia-ing	/mentors/olivia-ing	301
/oliviercottin	/mentors/oliviercottin	301
/olivvia	/mentors/olivvia	301
/oluwafiisayomii	/mentors/oluwafiisayomii	301
/ombruner	/mentors/ombruner	301
/onur	/mentors/onur	301
/osamacious	/mentors/osamacious	301
/oshalev	/mentors/oshalev	301
/osukhoruchko	/mentors/osukhoruchko	301
/osydorenko	/mentors/osydorenko	301
/outofelement	/mentors/outofelement	301
/pab	/mentors/pab	301
/padmashree	/mentors/padmashree	301
/parham-yazdani	/mentors/parham-yazdani	301
/parithy	/mentors/parithy	301
/pascallooff	/mentors/pascallooff	301
/patrickmorrow	/mentors/patrickmorrow	301
/paulgenberg	/mentors/paulgenberg	301
/paulina	/mentors/paulina	301
/paulofanton	/mentors/paulofanton	301
/pchresomales	/mentors/pchresomales	301
/penkej2	/mentors/penkej2	301
/peterbooty	/mentors/peterbooty	301
/peterdennis	/mentors/peterdennis	301
/phershey	/mentors/phershey	301
/pheurton	/mentors/pheurton	301
/philgolub	/mentors/philgolub	301
/phillipecw	/mentors/phillipecw	301
/phoebe-ohayon	/mentors/phoebe-ohayon	301
/pietro	/mentors/pietro	301
/pinbo	/mentors/pinbo	301
/piyushkr	/mentors/piyushkr	301
/pjonori	/mentors/pjonori	301
/pkrishnan	/mentors/pkrishnan	301
/pkyeo	/mentors/pkyeo	301
/planetabhi	/mentors/planetabhi	301
/pnichev	/mentors/pnichev	301
/poonwenang	/mentors/poonwenang	301
/powerkat	/mentors/powerkat	301
/praj2	/mentors/praj2	301
/prakanshrathaur	/mentors/prakanshrathaur	301
/pranalik	/mentors/pranalik	301
/pranavatandra	/mentors/pranavatandra	301
/pranjalbhown	/mentors/pranjalbhown	301
/pranjalsingh	/mentors/pranjalsingh	301
/prashanth	/mentors/prashanth	301
/prateeksaini	/mentors/prateeksaini	301
/prateeksolanki	/mentors/prateeksolanki	301
/pratik-joglekar	/mentors/pratik-joglekar	301
/pratikshah	/mentors/pratikshah	301
/pravi	/mentors/pravi	301
/priyankanagwekar	/mentors/priyankanagwekar	301
/psclourenco	/mentors/psclourenco	301
/puckybot	/mentors/puckybot	301
/pushti	/mentors/pushti	301
/pvghodke	/mentors/pvghodke	301
/pvoijen	/mentors/pvoijen	301
/qalamkaari-garima	/mentors/qalamkaari-garima	301
/rachel	/mentors/rachel	301
/rachelsmith	/mentors/rachelsmith	301
/rafa-brandao	/mentors/rafa-brandao	301
/rafal	/mentors/rafal	301
/rahulsharma	/mentors/rahulsharma	301
/rajeshbabu	/mentors/rajeshbabu	301
/rajivsurya	/mentors/rajivsurya	301
/randygregory	/mentors/randygregory	301
/ranilsperera	/mentors/ranilsperera	301
/ranjeetroy4u	/mentors/ranjeetroy4u	301
/ranjithgop	/mentors/ranjithgop	301
/ranliu	/mentors/ranliu	301
/rapp-stan	/mentors/rapp-stan	301
/raunaqsingh	/mentors/raunaqsingh	301
/ravijangir	/mentors/ravijangir	301
/raykail	/mentors/raykail	301
/razvanv	/mentors/razvanv	301
/rbaruah	/mentors/rbaruah	301
/rbhadoriya	/mentors/rbhadoriya	301
/rcosse	/mentors/rcosse	301
/rcweston	/mentors/rcweston	301
/rdamico	/mentors/rdamico	301
/reallyalexsmith	/mentors/reallyalexsmith	301
/renakuai	/mentors/renakuai	301
/rfiguracion	/mentors/rfiguracion	301
/rgbartz	/mentors/rgbartz	301
/rgbcolor	/mentors/rgbcolor	301
/rhymeswithhell	/mentors/rhymeswithhell	301
/ricardo-vilardi	/mentors/ricardo-vilardi	301
/ricky-o	/mentors/ricky-o	301
/rifatnajmi	/mentors/rifatnajmi	301
/rinerins	/mentors/rinerins	301
/rishabhs	/mentors/rishabhs	301
/rkaufman	/mentors/rkaufman	301
/rkhatibi	/mentors/rkhatibi	301
/rmcelveen	/mentors/rmcelveen	301
/rmolinaro	/mentors/rmolinaro	301
/rnahawi	/mentors/rnahawi	301
/robberta	/mentors/robberta	301
/robbyhsu	/mentors/robbyhsu	301
/roberthaugen	/mentors/roberthaugen	301
/roberthpaige	/mentors/roberthpaige	301
/robertsb	/mentors/robertsb	301
/robpricenyc	/mentors/robpricenyc	301
/rodrigoleles	/mentors/rodrigoleles	301
/rohanmishra	/mentors/rohanmishra	301
/rohitpal	/mentors/rohitpal	301
/ronardmbah	/mentors/ronardmbah	301
/roostervisionary	/mentors/roostervisionary	301
/rosana-stamenkova	/mentors/rosana-stamenkova	301
/rossgpalmer	/mentors/rossgpalmer	301
/royquilor	/mentors/royquilor	301
/rpoiate	/mentors/rpoiate	301
/rravi	/mentors/rravi	301
/rravindran	/mentors/rravindran	301
/rsatyajit	/mentors/rsatyajit	301
/rssems	/mentors/rssems	301
/rubina	/mentors/rubina	301
/ruilira	/mentors/ruilira	301
/rulatico	/mentors/rulatico	301
/russwilson	/mentors/russwilson	301
/rvergara	/mentors/rvergara	301
/ryadav	/mentors/ryadav	301
/ryanlouisjames	/mentors/ryanlouisjames	301
/ryanseslow	/mentors/ryanseslow	301
/rytodd	/mentors/rytodd	301
/sachin	/mentors/sachin	301
/sachindraputhran	/mentors/sachindraputhran	301
/sachingandhii	/mentors/sachingandhii	301
/safakotur	/mentors/safakotur	301
/sahil-design	/mentors/sahil-design	301
/sainraja	/mentors/sainraja	301
/sairam	/mentors/sairam	301
/sameerpuri	/mentors/sameerpuri	301
/samehmostafa	/mentors/samehmostafa	301
/samgale	/mentors/samgale	301
/samshaw	/mentors/samshaw	301
/sanchit	/mentors/sanchit	301
/sandeepsarate	/mentors/sandeepsarate	301
/sandeshchouhan	/mentors/sandeshchouhan	301
/saneeya	/mentors/saneeya	301
/sanjithb	/mentors/sanjithb	301
/santiago-arraz	/mentors/santiago-arraz	301
/saptarshipr	/mentors/saptarshipr	301
/sarahegwu	/mentors/sarahegwu	301
/sarahkhan	/mentors/sarahkhan	301
/sarahkowalski	/mentors/sarahkowalski	301
/sarahmerls	/mentors/sarahmerls	301
/sarahnikkhah	/mentors/sarahnikkhah	301
/saratavasolian	/mentors/saratavasolian	301
/sarathsnair	/mentors/sarathsnair	301
/saravilas	/mentors/saravilas	301
/sarun	/mentors/sarun	301
/sathish	/mentors/sathish	301
/saurabh-joshi	/mentors/saurabh-joshi	301
/sayena-majlesein	/mentors/sayena-majlesein	301
/sbakshi	/mentors/sbakshi	301
/sbonneval	/mentors/sbonneval	301
/schnoday	/mentors/schnoday	301
/scollett	/mentors/scollett	301
/sdavies	/mentors/sdavies	301
/sddickie	/mentors/sddickie	301
/sdimpf1	/mentors/sdimpf1	301
/seanlandry	/mentors/seanlandry	301
/seanmcleary	/mentors/seanmcleary	301
/sebklifa	/mentors/sebklifa	301
/secretlyswedish	/mentors/secretlyswedish	301
/selenechew	/mentors/selenechew	301
/serbay	/mentors/serbay	301
/serenaaliu	/mentors/serenaaliu	301
/sethjenks	/mentors/sethjenks	301
/sethrichardson	/mentors/sethrichardson	301
/seye	/mentors/seye	301
/sfadahunsi	/mentors/sfadahunsi	301
/sg@redmadrobot.com	/mentors/sg@redmadrobot.com	301
/sgause	/mentors/sgause	301
/shaheen	/mentors/shaheen	301
/shannonsoper	/mentors/shannonsoper	301
/shawn2	/mentors/shawn2	301
/shawnberven	/mentors/shawnberven	301
/shayhowe	/mentors/shayhowe	301
/shekharhemnani	/mentors/shekharhemnani	301
/shelbycorbella	/mentors/shelbycorbella	301
/shernandez	/mentors/shernandez	301
/shervin	/mentors/shervin	301
/shivangisj	/mentors/shivangisj	301
/shivansh-kumar	/mentors/shivansh-kumar	301
/shivendra	/mentors/shivendra	301
/shpetimujkani	/mentors/shpetimujkani	301
/shveta	/mentors/shveta	301
/siddhant.m	/mentors/siddhant.m	301
/siddhantdshah	/mentors/siddhantdshah	301
/sidramnarace	/mentors/sidramnarace	301
/signs	/mentors/signs	301
/silvionyc	/mentors/silvionyc	301
/simonesolidade	/mentors/simonesolidade	301
/simonok	/mentors/simonok	301
/simpson /mentors/simpson 301
/sinhas	/mentors/sinhas	301
/sinhayushmaan	/mentors/sinhayushmaan	301
/sissyzhang	/mentors/sissyzhang	301
/skepticacid	/mentors/skepticacid	301
/skilisky	/mentors/skilisky	301
/skully	/mentors/skully	301
/skumar2	/mentors/skumar2	301
/skuzma	/mentors/skuzma	301
/skyburn	/mentors/skyburn	301
/skyler-allanson	/mentors/skyler-allanson	301
/slee	/mentors/slee	301
/smantel	/mentors/smantel	301
/smithx	/mentors/smithx	301
/sofdesigne	/mentors/sofdesigne	301
/soham	/mentors/soham	301
/sonaliagrawal	/mentors/sonaliagrawal	301
/sonyased	/mentors/sonyased	301
/sooyundesign	/mentors/sooyundesign	301
/sorienza	/mentors/sorienza	301
/souviksadhu	/mentors/souviksadhu	301
/soyeonna	/mentors/soyeonna	301
/spaik	/mentors/spaik	301
/specialkartik1993	/mentors/specialkartik1993	301
/spillai	/mentors/spillai	301
/squorax	/mentors/squorax	301
/sreerajvs	/mentors/sreerajvs	301
/sriddang	/mentors/sriddang	301
/ssilvas	/mentors/ssilvas	301
/sspencer	/mentors/sspencer	301
/stefaniefreitas	/mentors/stefaniefreitas	301
/stefaniesexton	/mentors/stefaniesexton	301
/steingiesser	/mentors/steingiesser	301
/stephchow	/mentors/stephchow	301
/stevembrennan	/mentors/stevembrennan	301
/stphnhthwy	/mentors/stphnhthwy	301
/stugreenham	/mentors/stugreenham	301
/subhendrat	/mentors/subhendrat	301
/sujankhadgi	/mentors/sujankhadgi	301
/sunil	/mentors/sunil	301
/sunitsharma	/mentors/sunitsharma	301
/surveyor	/mentors/surveyor	301
/susanripley	/mentors/susanripley	301
/sushaantu	/mentors/sushaantu	301
/svillarino	/mentors/svillarino	301
/sylas-souza	/mentors/sylas-souza	301
/tafadzwa	/mentors/tafadzwa	301
/tamimcbride	/mentors/tamimcbride	301
/tanumalhotra	/mentors/tanumalhotra	301
/taoufik	/mentors/taoufik	301
/tapel	/mentors/tapel	301
/tarzine	/mentors/tarzine	301
/tatiana	/mentors/tatiana	301
/tbarkow	/mentors/tbarkow	301
/tchung	/mentors/tchung	301
/tdietz	/mentors/tdietz	301
/ted-booth	/mentors/ted-booth	301
/temi	/mentors/temi	301
/thailam	/mentors/thailam	301
/thaisgarcia	/mentors/thaisgarcia	301
/thealina	/mentors/thealina	301
/thoz	/mentors/thoz	301
/timbot	/mentors/timbot	301
/timcolica	/mentors/timcolica	301
/timgilligan	/mentors/timgilligan	301
/timknight	/mentors/timknight	301
/timmckenna	/mentors/timmckenna	301
/tjard	/mentors/tjard	301
/tmillion	/mentors/tmillion	301
/tobregon	/mentors/tobregon	301
/tobyskyring	/mentors/tobyskyring	301
/toffeenutdesign	/mentors/toffeenutdesign	301
/toluloya	/mentors/toluloya	301
/tomiakinade	/mentors/tomiakinade	301
/tomio	/mentors/tomio	301
/tomkilehartshorn	/mentors/tomkilehartshorn	301
/tonydaussat	/mentors/tonydaussat	301
/Toonchavez	/mentors/Toonchavez	301
/towens	/mentors/towens	301
/tracywee	/mentors/tracywee	301
/trisweb	/mentors/trisweb	301
/Tsholo	/mentors/Tsholo	301
/tsidwell	/mentors/tsidwell	301
/ttblum	/mentors/ttblum	301
/tufred	/mentors/tufred	301
/tundi	/mentors/tundi	301
/tushar	/mentors/tushar	301
/twerds	/mentors/twerds	301
/tyleraberry	/mentors/tyleraberry	301
/tylerjwain	/mentors/tylerjwain	301
/tysonkingsbury	/mentors/tysonkingsbury	301
/umangadeepshrestha	/mentors/umangadeepshrestha	301
/ux-designer-vipin	/mentors/ux-designer-vipin	301
/uxbyana	/mentors/uxbyana	301
/uxsalim	/mentors/uxsalim	301
/uxsley	/mentors/uxsley	301
/vaibhavb8	/mentors/vaibhavb8	301
/valeria	/mentors/valeria	301
/valinda	/mentors/valinda	301
/vamseekalangi	/mentors/vamseekalangi	301
/vanessaespinola	/mentors/vanessaespinola	301
/varantkandilian	/mentors/varantkandilian	301
/varedhnigam	/mentors/varedhnigam	301
/varundhawan	/mentors/varundhawan	301
/vasanthk	/mentors/vasanthk	301
/vbaimas	/mentors/vbaimas	301
/vbhuva	/mentors/vbhuva	301
/vbruce	/mentors/vbruce	301
/vdubey	/mentors/vdubey	301
/velask	/mentors/velask	301
/vepo	/mentors/vepo	301
/verajulie	/mentors/verajulie	301
/vharish	/mentors/vharish	301
/vickycheng	/mentors/vickycheng	301
/victor-teran	/mentors/victor-teran	301
/vidhunnan	/mentors/vidhunnan	301
/vijaychaganti	/mentors/vijaychaganti	301
/vikasbhutani	/mentors/vikasbhutani	301
/viksin	/mentors/viksin	301
/vikthakur	/mentors/vikthakur	301
/vilemries	/mentors/vilemries	301
/villa	/mentors/villa	301
/vinayak	/mentors/vinayak	301
/vineetkanodia	/mentors/vineetkanodia	301
/vinnyny	/mentors/vinnyny	301
/vinodsingh	/mentors/vinodsingh	301
/vlcarey	/mentors/vlcarey	301
/vmazza	/mentors/vmazza	301
/vmotta	/mentors/vmotta	301
/walker	/mentors/walker	301
/weiching	/mentors/weiching	301
/weprin	/mentors/weprin	301
/wesrowell	/mentors/wesrowell	301
/wildnice	/mentors/wildnice	301
/williamntim	/mentors/williamntim	301
/williampaul	/mentors/williampaul	301
/willpoole	/mentors/willpoole	301
/windyasari	/mentors/windyasari	301
/wkoo	/mentors/wkoo	301
/wmagness	/mentors/wmagness	301
/wmdrescher	/mentors/wmdrescher	301
/wyarbrough	/mentors/wyarbrough	301
/xavier-speeleveld	/mentors/xavier-speeleveld	301
/xming	/mentors/xming	301
/yairko	/mentors/yairko	301
/yamini	/mentors/yamini	301
/yanasemenchuk	/mentors/yanasemenchuk	301
/yangrin	/mentors/yangrin	301
/yarora	/mentors/yarora	301
/yawnxyz	/mentors/yawnxyz	301
/yetimade	/mentors/yetimade	301
/yidihong	/mentors/yidihong	301
/yoonahbae	/mentors/yoonahbae	301
/yturk	/mentors/yturk	301
/yuenletsgo	/mentors/yuenletsgo	301
/yujinhan	/mentors/yujinhan	301
/yuriysteam	/mentors/yuriysteam	301
/yusufjee	/mentors/yusufjee	301
/zachkrasner	/mentors/zachkrasner	301
/zacwalberer	/mentors/zacwalberer	301
/zakiwarfel	/mentors/zakiwarfel	301
/zbreakstone	/mentors/zbreakstone	301
/zcole	/mentors/zcole	301
/zeezhan	/mentors/zeezhan	301
/zhang	/mentors/zhang	301
/zlouden	/mentors/zlouden	301